airport_name,target_area,orders_pre,orders_post,fare_per_mile_pre,fare_per_mile_post,driver_pay_per_minute_pre,driver_pay_per_minute_post,response_time_p90_pre,response_time_p90_post,orders_change_rate,fare_per_mile_change_rate,driver_pay_per_minute_change_rate,response_time_p90_change_rate,recommended_strategy,business_interpretation
JFK Airport,其他区域,3906,5502,4.584307641142228,4.2436259150022355,1.2211735566561683,1.2553889271128336,10.033333333333333,10.740000000000009,0.40860215053763443,-0.07431476087741533,0.028018433800969418,0.07043189368770857,优先派单或司机激励试点,机场路线客单价高，应同时观察需求、司机收益和响应效率。
JFK Airport,收费核心区相关,596,906,5.010490620233578,4.558822287198676,1.2035791365667645,1.250628633345716,8.626666666666667,9.946666666666667,0.5201342281879194,-0.09014453219629952,0.039091319672723085,0.1530139103554869,优先派单或司机激励试点,机场路线客单价高，应同时观察需求、司机收益和响应效率。
LaGuardia Airport,其他区域,3827,5256,5.09656739596434,4.986921618675199,1.2075211694115044,1.2470923459930268,9.983333333333333,9.645000000000005,0.37339952965769535,-0.021513651987799247,0.032770586209107756,-0.03388981636060043,持续监控,机场路线客单价高，应同时观察需求、司机收益和响应效率。
LaGuardia Airport,收费核心区相关,1010,1495,6.225324406852035,5.703328178917472,1.1746439983907813,1.226093257031591,9.083333333333332,8.453333333333333,0.4801980198019802,-0.0838504459880062,0.04379987358833256,-0.06935779816513751,持续监控,机场路线客单价高，应同时观察需求、司机收益和响应效率。
Newark Airport,其他区域,609,763,4.792063786696576,4.6182298270299125,1.396229476659077,1.450397839480893,8.866666666666667,7.12,0.25287356321839083,-0.036275385179398156,0.03879617478885416,-0.19699248120300755,持续监控,机场路线客单价高，应同时观察需求、司机收益和响应效率。
Newark Airport,收费核心区相关,339,443,5.221498119575607,5.065379305128198,1.420440647709523,1.488605391547924,9.15,5.680000000000001,0.30678466076696165,-0.029899237895368126,0.04798844918182074,-0.3792349726775956,持续监控,机场路线客单价高，应同时观察需求、司机收益和响应效率。
