MAE_pre_policy,RMSE_pre_policy,mean_post_policy_demand_gap
0.686209281275718,1.226550130249662,-0.06912641262491384
