distance_segment,fare_per_mile_pre,fare_per_mile_post,policy_fee_burden_pre,policy_fee_burden_post,orders_pre,orders_post,fare_per_mile_change_rate,policy_fee_burden_change_rate,passenger_discount_signal,business_interpretation
短途,11.75724151727976,11.4324211067098,0.06461396437814991,0.09443407022849885,44007,62903,-0.027627263596870788,0.46151178212542887,False,单位里程价格上升且订单下降的分组，是乘客优惠的候选对象。
中途,6.378271977532675,6.2604305886396086,0.03901447632313929,0.06197433447118791,58699,78670,-0.018475441202281784,0.5884958690175021,False,单位里程价格上升且订单下降的分组，是乘客优惠的候选对象。
长途,4.0920185984796325,4.041500427182456,0.02407660298473555,0.03759434226664793,24101,31538,-0.012345538047150245,0.5614471148808892,False,单位里程价格上升且订单下降的分组，是乘客优惠的候选对象。
